{
	"vertices": [
		1, 0, 0,					1, 0.57, 0.57, 0.57, 1,
		0.5, 0, 0.8660254037844,	1, 0.7, 0.7, 0.7, 1,
		-0.5, 0, 0.8660254037844,	1, 0.7, 0.7, 0.7, 1,
		-1, 0, 0,					1, 0.63, 0.63, 0.63, 1,
		-0.5, 0, -0.8660254037844,	1, 0.42, 0.42, 0.42, 1,
		0.5, 0, -0.8660254037844,	1, 0.37, 0.37, 0.37, 1
	],
	"indices": [
		0, 1, 5,
		1, 2, 4,
		1, 4, 5,
		3, 2, 4
	]
}