{
	"vertices": [
		1, 0, 0,					1, 0.122, 0.122, 0.122, 0.9,
		0.5, 0, 0.8660254037844,	1, 0.122, 0.122, 0.122, 0.9,
		-0.5, 0, 0.8660254037844,	1, 0.122, 0.122, 0.122, 0.9,
		-1, 0, 0,					1, 0.122, 0.122, 0.122, 0.9,
		-0.5, 0, -0.8660254037844,	1, 0.122, 0.122, 0.122, 0.9,
		0.5, 0, -0.8660254037844,	1, 0.122, 0.122, 0.122, 0.9
	],
	"indices": [
		0, 1, 5,
		1, 2, 4,
		1, 4, 5,
		3, 2, 4
	]
}