{
	"vertices": [
		1, 0, 0,					1, 0.482, 0.455, 1, 1,
		0.5, 0, 0.8660254037844,	1, 0.482, 0.455, 1, 1,
		-0.5, 0, 0.8660254037844,	1, 0.482, 0.455, 1, 1,
		-1, 0, 0,					1, 0.482, 0.455, 1, 1,
		-0.5, 0, -0.8660254037844,	1, 0.482, 0.455, 1, 1,
		0.5, 0, -0.8660254037844,	1, 0.482, 0.455, 1, 1,

		1, 2, 0,					1, 0.302, 0.286, 0.655, 1,
		0.5, 2, 0.8660254037844,	1, 0.302, 0.286, 0.655, 1,
		-0.5, 2, 0.8660254037844,	1, 0.302, 0.286, 0.655, 1,
		-1, 2, 0,					1, 0.302, 0.286, 0.655, 1,
		-0.5, 2, -0.8660254037844,	1, 0.302, 0.286, 0.655, 1,
		0.5, 2, -0.8660254037844,	1, 0.302, 0.286, 0.655, 1
	],
	"indices": [
		0, 1, 5,
		1, 2, 4,
		1, 4, 5,
		3, 2, 4,

		0, 6, 1,
		7, 6, 1,
		7, 1, 2,
		8, 7, 2,
		8, 2, 3,
		9, 8, 3,
		9, 3, 4,
		10, 9, 4,
		10, 4, 5,
		11, 10, 5,
		11, 5, 0,
		6, 11, 0,



		6, 7, 11,
		7, 8, 10,
		7, 10, 11,
		9, 8, 10
	]
}